{
    "life_meaning": [
        82.18133323392243,
        78.59803105783992,
        40.62689431713997,
        52.53185645226419,
        47.45909476471527,
        95.09621557079387,
        59.97193604720024,
        24.909050798463266,
        70.40321530059936,
        42.09955216462387,
        19.984433052062364,
        55.74468307617317,
        71.81017557748469,
        92.48378042412446,
        75.01990641636701,
        44.76619196529743,
        36.3751334186496,
        34.828005597259406,
        38.455121709557645,
        25.303204882836102,
        81.88251284559527
    ],
    "cumulative_life_meaning": [
        14.299461129952814,
        68.33248495019406,
        15.769877968928778,
        33.1064498372077,
        98.22457960099881,
        9.776167182637074,
        18.987580677696577,
        80.94115814268227,
        24.9874000650816,
        14.29337277487004,
        83.97613563578979,
        21.991908856352566,
        75.14105998789434,
        41.08632759209712,
        1.6191930621496105,
        61.158380961479125,
        35.97042599450426,
        2.8687143597673135,
        47.56214226609307,
        15.578929532186066,
        23.469583819481496
    ],
    "life_meaning_by_goal": [],
    "cumulative_life_meaning_by_goal": []
}